Maria Perez,maria@perez.com,mariaperez,123123123,elder
Eva Rojas,eva@rojas.com,evarojas,123123123,caregiver
Pepi Aldana,pepi@Aldana.com,pepialdana,123123123,elder
Maye Darling,maye@darling.com,mayedarling,123123123,caregiver
Yosi Camejo,yosi@camejo.com,yosicamejo,123123123,caregiver
Carmen Ramirez,carmen@ramirez.com,carmenramirez,123123123,elder
Luis Ortega,luis@ortega.com,luisortega,123123123,elder
Ana Lopez,ana@lopez.com,analopez,123123123,caregiver
Juan Salas,juan@salas.com,juansalas,123123123,elder
Clara Luna,clara@luna.com,claraluna,123123123,caregiver
Miguel Torres,miguel@torres.com,migueltorres,123123123,elder
Sofia Gomez,sofia@gomez.com,sofiagomez,123123123,caregiver
Pedro Sanchez,pedro@sanchez.com,pedrosanchez,123123123,elder
Valeria Cruz,valeria@cruz.com,valeriacruz,123123123,caregiver
Hector Molina,hector@molina.com,hectormolina,123123123,elder
Camila Flores,camila@flores.com,camilaflores,123123123,caregiver
Ricardo Morales,ricardo@morales.com,ricardomorales,123123123,elder
Lucia Ramos,lucia@ramos.com,luciaramos,123123123,caregiver
Carlos Vega,carlos@vega.com,carlosvega,123123123,elder
Fernanda Diaz,fernanda@diaz.com,fernandadiaz,123123123,caregiver
Diego Navarro,diego@navarro.com,diegonavarro,123123123,elder
Laura Castillo,laura@castillo.com,lauracastillo,123123123,caregiver
Oscar Nunez,oscar@nunez.com,oscarnunez,123123123,elder
Elena Martinez,elena@martinez.com,elenamartinez,123123123,caregiver
Mateo Reyes,mateo@reyes.com,mateoreyes,123123123,elder
Paula Hernandez,paula@hernandez.com,paulahernandez,123123123,caregiver